,places,collected_reviews
0,"Глэмпинг Доброе,","['плюс красивый заповедный зона просыпаться вид море засыпать шум волна пожалуй самый необычный наш отпуск вроде жить палатка минимальный набор необходимый комфортный пребывание идеальный вариант мечтать сходить поход палатка перспектива ходить туалет яма ёлка точно d. расслаблять помогать отдохнуть городской суета ярко минус готовый глэмпинг тяжело добраться неподготовленный человек добраться способ пешком моторный лодка лодка стоить поездка конец глэмпинг причал деревянный помост поэтому лодка прийтись прыгать вода забираться лодка вода', 'ездить глэмпинг добрый компания конец апрель поскольку апрель действительно выдаться холодный делать больший скидка откинуть наш погодный невезение сильно разочаровать соотношение', 'плюс красивый заповедный зона потрясать закат вкусный мидия блинчик завтрак приятный вежливый молодой человек который собственно приносить завтрак минус везде грязненький бросаться глаз жутко неудобный скрипучий кровать который спина болеть неделя душа намёк хотя еле тёплый вода просто тонкий струйка холодный вода -кинотеатр открытый работать целое хорошо провести время нюанс заселение пройти гладко отказать просьба заселить высокий шатёр свободный момент наш приезд анастасия сказать забронировать завтрашний день уточнить забронировать например приехать следующий ответить', 'красиво дикий природа идеальный комфорт артур готовить вкусный мидия номер иметься необходимый вполне удобно маленький ребёнок потрясать вид понравиться обязательно приехать снова', 'отлично газ делать электро печь поставить экономичный балон газ чай кофема хватать пара день готовить семья общий кухня очередь стоять .... замечательный уединённый отдых']"
1,"Глэмпинг на озере Сиг,","['отдыхать ребёнок повезти погода сосед ребёнок скучать старший кататься саба младший соседский ребёнок кошка который сходить баня покататься большой сходить гриб покататься ложка отдохнуть городской суета насмотреться закат кормить вкусно младший оценить', 'отдыхать жена начало август впечатление неоднозначный плюс минус сожаление минус писать исходить свой опыт ребёнок отдыхать россия европа глэмпинг впервые прелесть отдых природа бояться плюс жить 6ой палатка палатка продумать необходимый кроме соль сахар весь мебель хороший состояние привет икеа маленький холодильник посуда умывальник диван кровать простыня подогрев захотеть вентилятор газовый плитка общий время поймать мысль номер что-то хватать туалет/душа отдельный помещение относительно близко палатка каждый палатка свой кабинка/комнатка запираться ключ внутри аккуратно', 'необычно оригинально придумать прям берег озеро свой подход вода рядом палатка мангал дрова свет улица столик стул палатка необходимый уютный кровать удобный диван куча всякий подушечка интеграция природа комфорт', 'муж глэмпинг август 2019г проехать 950км наш мечта впервые глэмпинг столкнуться июль утриша незабываемый день блаженство решить обязательно посетить глэмпинг озеро утро август позвонить администратор григорий уточнить время наш прибытие тк ехать далёкий планировать приехать ранний час начинать час вечер григорий время держать связь заблудиться естественно несмотря приехать одиннадцатый час вечер григорий встретить рассказать показать расположить отдых принести положительный эмоция сей пора вспоминать день единение природа палатка необходимый жизнь плитка газовый баллон', 'сильно повезти бронь сайт сотрудница найти свободный сафари-тент трое изначально фото который прислать пометка жить домик необходимый приезд поселить сафари-тент терраса стол одиноко стоять стул хотя тент трое приехать втроём повторный просьба молодой человек принести всё-таки стол третий стул найтись номер грязно природа доп плата газовый баллон плита уголь тд вечером стать ужасно холодно второй обогреватель предоставить предлог выдержать электросеть правда фонарик тускнеть каждый включать что-то розетка простой говорить']"
2,"Глэмпинг Видно Озеро,","['забронировать проживание глэмпинг', 'случайно оказаться глэмпинг']"
3,"Глэмпинг Vezzika,","['плюс хороший красивый местоположение минус информация сайт соответсвовать действительность пример сайт бронировать баня подтверждение бронирование чётко прописать час факт оказываться оплатить малый время нужно доплачивать ездить июнь огромный количество слепень спокойно позагорать посидеть улица невозможно понимать природа малый информация огромный минус палатка убрать аба возможно связать сотрудница глэмпинг основный занятие скорый курение кальян питьевой вода грязный народ совать туда попасть рука установить хотя помпа душа платный вода канал написать комментарий ниже купить', 'слепень невозможно просто сесть расслабиться почему никто нигде писать говорить хотя предупреждать телефон сказать парковка руб/ сутки факт 300. сайт покупать лодка баня доп услуга воспользоваться например слепень вернуть вода питьевой общий грязный лазить бочка попасть завтрак невкусный скудный стоить свой деньга простой приехать отдыхать самостоятельно палатка душа название персонал время сидеть курить кальян никто особо решать никакой вопрос', 'прекрасный перезагрузка отдых ваш путешествие начинаться катер который везти ново-свирский канал лагерь кемпинг расположить ладожский озеро канал песчаный коса необходимый кухня посуда газ мангал прекрасный походный баня берег канал душа горячий вода', 'прекрасный удивительный закат чистый пляж чистый шатёр территория иметься баня проведение отдых выходной отметить день рождение друг прекрасно подходить добираться авто берег забрать катер']"
4,"ЛЕС Глэмпинг и спа,","['решить посетить чудесный забронировать значит ночь внести предоплата первый сутки заселение показать наш бунгало номер стенка который площадка гладиаторкий бой час вход общий зона костёр вечер петь песня также прям наш вход ресторан житель чудесный долгий переговоры отказаться предоставить уединённый ладный думать решить сходить ресторан который жена прополоскать пронести советовать хотеть посетить настоятельно бронирование уточнять расположение шалаш наш шалаш туалет который запах спальня думать система везде рекомендовать холить ресторан ваш второй половина', 'кемпинг подойти исключительно семья ребёнок предлагать отдых категория гость пара одинокий гость надежда тишина комфорт найти предупредить хотеть фото сайт соответствовать поселить несколько домик терраса хотя бронировать люкс плюс сайт фото номер видный терраса кресло факт выйти домик открыть прозрачный плёнка занавеска прозрачный сразу пропадать дорожка дорожка ходить гость ресторан самый громкий проходимый часть кемпинг персонал возить тачка бельё домик видимо ещё ночь заплатить расположение', 'выбрать глэмпинг лес отметить др планировать провести день тезисный 1. отличный локация тихий вдали туристический суета природа кролик петь птичка 2. комфортный палатка оборудовать весь мыслимый удобство тёплый пол простыня подогрев умный унитаз т.е перебор 3. ресторан который zayka_les вкусно кормить приятный обслуживание 4. респект весь персонал территория администратор техника действительно пытаться решать проблема весь доступный способ вплоть комплиментарный испанский броть фруктовый тарелка 5. прекрасный банный комплекс открытый бассейн джакузи открытый небо несколько вид баня массаж йог входить стоимость проживание', 'разочаровать красивый картина сказочный лес испортить достаться удачный домик-палатка маленький цена получить скрипучий пол торчать шуруп двухкомнатный апартамент постоянный ароматизация канализация ранний регулярный звук проезжать тележка хоз.персонал всыпаться свежий воздух удаться чувство уединение ощутить соответственно впечатление остаться плохой спа- массаж … маленький цена', 'необычный весь советовать побывать отдельно хотеть отменить работа персонал сервис высокий уровень каждый сотрудник относиться каждый гость радушие гостеприимство обязательно вернуться волшебный']"
5,"Глэмпинг NewCamp,",['глэмпинг находиться близ посёлок эссойло сосновый лес представлять деревянный домик эко-стиль отдаление друг друг шатёр проведение утренний зарядка баня строиться столовая каждый домик небольшой терраса зона отдых барбекю домик необходимый посуда полотенце плед запрос предоставляться фен утюг завтрак приносить домик оговорить время скудный надеяться построение столовая недостаток компенсировать главный плюс глэмпинга- потрясать природа вокруг панорамный окно свой парковка открыться июнь год поэтому думать ещё ребята процесс усовершенствование находиться']
6,"Urman Camp Глэмпинг,","['приехать глэмпинг попросить заранее затопить итог купель готовый собираться спать приходить собака мешать спать дальнейший ходить мужчина работник мешать побыть приехать лишенка спокойствие оставить вещь попросить вернуть итог тишина отдых расслабление картинка хотеть пофоткаться точно', 'отдохнуть тело душа замечательный домик продумать мелочь действительно брать хороший настроение купальник выражать восхищение жанна который встречать улыбка доброжелательность долго греть напоминать отдых весь персонал спасибо тёплый гостеприимство отзывчивость однозначно звезда весь рекомендовать p.s отметить домик чисто уютный главное тепло помимо чан накататься горка санки сходить настоящий лесной родник вода', 'классно отдохнуть глэмпинг хотеть весь наш компания сказать отдельный спасибо управлять жанна благодаря ваш улыбка гостеприимство наш отдых просто супер сразу видно профессионал просьба моментальный помощь подсказка весь рекомендовать уютный тепло чан -вообще выше всякий похвала продумать мелочь приехать', 'общий мочь сказать отбросить минус оно стоить наверное крайний мера пока хотеться привлечь терраса чан понравиться лежать немой практически весь вечер домик уютный печка дом вообще огонь минус именно дорога глэмпинг деревня узенький дорога машина встретиться разъехаться собственно таки день выезд подъехать деревня близкий какой-то мужчина поехать встреча видеть узкий дорога рассчитывать непонятно итог застрять прийтись помогать выезжать уголь сырой прийтись долго разжигать мангал грязный похоже никто убирать веер вообще валяться', 'urman camp выходной начинаться мороз городской суета прекрасный придумать вдали город совершенный звенящий тишина морозный воздух красота вокруг гостеприимство жанна выше всякий похвала легко по-доброму больший уважение терпение прекрасный обстановка чистота красота чувствоваться трепетный отношение жанна ребята открытый отзывчивый персонал просто суперррр понравиться безумно обязательно приезжать p.s увидеть табун лошадь просто обомлеть радость p.s.s весь говорить делать человек сохранить свой человек точно расцвести']"
7,"Велна Эко Спа Резорт,","['сравнивать поэтому посетить загородный спа-отель « welna eco spa resort » мочь совершенно точно сказать хороший загородный отель наш страна даром входить топ-5 отель россия расположение архитектура инфраструктура программа развлечение обучать мастер-класс – высокий профессиональный уровень отметить « welna eco spa resort » успешно справляться новация сфера отечественный инвестиция совершенно правильно говориться человек решать высококвалифицированный персонал достойный работа отель невозможный выражать огромный благодарность такт профессиональный мастерство просто человеческий отношение гость свой работа целое весь коллектив загородный спа', 'плюс понравиться номер шикарный территория погулять красивый лес вкусный ужин сеновал лофт минус шведский стол который испортить впечатление первый невкусно второй произойти неприятный ситуация вегетарианец взять завтрак киш', 'поездка велна оставить яркий впечатление сюда хотеться вернуться заранее заказать спа-процедура обещать хороший мастер обещание сдержать рада попасть массажист юрий онищенко терпеливо ответить вопрос процедура рассказать средство уход который использоваться главное помочь подобрать нужно юрий показать пример тело массаж влиять весь организм целое физический уровень ощущение лёгкость бодрость здоровье позитив сеанс приятно удивить уйти застарелый боль колено наконец-то долгий время смочь нормально заснуть', 'приятный тропинка нагуляться вдоль ручеёк тропинка подсыпать щепа поэтому сырой погода приятно гулять сходить хам спа поплавать бассейн питание понравиться вкусно весь семья ресторан приятный красивый вид каша суп-пюре ребёнок жаловаться еда знать обычно реально всё действительно вкусно еда время пополняться хватать весь персонал дружелюбный детский игровой отдельный помещение проходить мастер класс просто играть ребёнок подрастить играть ребята родитель балдеть массаж спа общий отдохнуть довольный', 'неплохой весь семья возможно приезжать готовый сезон территория интересный апрель уходить корпус прикольный устать кухня ресторан хороший обед входящий пансион удобный столпотворение вход неудобно раздеваться ребёнок тесно спацентр тесно выходной']"
8,"Глэмпинг Под небом,","['отличный условие проживание отзывчивый позитивный персонал уходить территория невероятно вкусный еда условие активный отдых остаться довольный обязательно приехать ещё спасибо', 'написать уточнить деталь прочитать забыть голова уклыдываться .. человек просить человек сутки месячный зарплата продавец сергиев посад элементарно мочь ответить сообщение вообще туда ехать', 'великолепный отдых соединение природа чувствоваться душа владелец весь комфорт палатка кухня обстановка пляж персонал дружелюбный внимательный сделать отлично отдыхать ребёнок годик маша остаться восторг водный развлечение сап байдарка вэйк мечта полюбить муж написать слово песня гребенщик .. поесть .. вспоминать хорошо « pod_nebom голубой glamping вода счастие спокойствие окутать взор представать величие страна лес озёры невиданный краса « рекомендовать ребята хороший вид отдых', 'здравствуйте столкнуться хамский странный поведение выбирать weekend хотеть уточнить деталь сказать смотреть сайт прийтись выдавливать информация цена космос реально деньга взять потолок ладный сайт цена переписка называть слушайте далёкий закрыть глаз хотеть забронировать говорить бронь перевести сумма минуточка р смысл оплатить въезд минимум нормальный бронировать оплата глэмпинг база отдых отель д. предложить оплатить стоимость мнение достаточно адекватный предоплата её гарантировать свой приезд говорить платить', 'суперский дизайн палатка вкусный кухня водный активность пляж лес провести романтический выходной ужин пирс вид закат активно позанимиться спорт вейк катер общий круто весь советовать']"
9,"Гуляй-Город,","['приехать сегодня дорога музей серпухов доброжелательный персонал хорошо поужинать заселение понять наш номер рядом лестница запах ресторан проходящие/пробегать житель всё слышный слышимость хороший стена попросить сосед 23.00 тихий разговаривать получиться пытаться заснуть берухо помогать открыть окно проветрить пора пока сосед курить балкон номер выбрать номер конец коридор хорошо сайт план номер завтра блошка поленово осваиваться территория', 'свадьба подарить сертификат cuva который решить реализовать « гуляй-город » сначала локация весьма живописный первый очередь счёт вид око достаточно мелко вода должный быстро пригреваться малышня раздор мина езда большой -затопить песчаный карьер неплохой вид рядом леска чистый светлый ягодный территория приехать двадцать минута ранний попросить подождать двадцать минута администратор впервые увидеть ладный списать переутомление жара заселиться « эко-капсула » капсула крутой огромный панорамный окно река домик стоить деревянный помост рядом шезлонг свой столик внутри классно необходимый душа кондей чайный набор столовая', 'плюс доброжелательный персонал чистый номер хороший кухня приятный природный объект пеший доступность небольшой минус капсула дешёвый матрас каждый пружина посчитать тело прийтись подкладывать одеяло уснуть территория пока находиться состояние полу-забросить наверное успеть подготовиться сезон из-за сильный разлить река весна утром время завтрак довольно громко включать музыка веранда', 'дорога гуляй-город целый год взахлёб рассказывать весь друг знакомый думать отзыв трипэдвайзер полезный спасти пандемийной лето 2020год действительно отдохнуть важно великолепно вкусный кухня удобный уютный номер двойной розовый жить ребёнок комната сложно потрясать природа тёплый речка ребёнок постоянно зависать купание/батут выдохнуть гулять каждый день поле любоваться разнотравье великолепный закат баня сап-доска огромный плюс красивый интерьер отель завтрак открытый терасс каждый утро приятный ритуал спасибо скучать', 'довольный двухдневный поездка гуляй-город останавливаться эко-капсула орбита комфортно доброжелательно поначалу немного свежий домик прогреться ещё капсула печка-камин уютный персонал гостиница вежливый ресторан вкусный еда кроме комплекс баня небольшой двое удобный']"
10,"Глэмпинг Китовый Берег,",['мочь предположить получить столько новый эмоция встретить столько интересный человек край земли… ехать путешествие посоветовать друг август остаться полный восторг прямой самолёт пермь-мурманск оставить доля сомнение лететь отель мурманск забрать гид максим достаточно комфортный land cruiser дорога база длиться час заметить максим занять наш внимание история останавливаться выходить авто посозерцать вид посмотреть памятник заехать долина слава база тепло встретить милый девушка елена напоить чаемый трава заселить комфортный глэмпинг отправить баня кстати баня полюбиться ходить каждый день дубовый']
11,"Zelenaya Tropa,","['итак платить рубль ночь еда доплачивать килограммовый собака получать 1. домик который кишеть муравей буквальный смысл повсюду кровать кухня стакан который нужно поставить холодильник хотеть оставить муравей стена чистый чайник ванной…везда .. спать просто чувствовать шевелиться вокруг 2. пол ванная который стоить вода просто хлюпать выливаться щель наступить постоянно мокрый нога носка полотенце заезд включить электрический тёплый пол…видимо гость ещё коротнуть клещ который снять свой обработать собаки…предупреждать впервые минус', 'явно точно понимать соответствие цена качество опытный путешественник число формат глэмпинг впервые столкнуться большой дифференциация цена достаться дача дача самый некачественный недоделать старый совершенно соответствовать изначально фото видно организация глэмпинг заниматься женщина гель душа ушной палочка подушка стразик продумать достроить менять бельё домик завести зубной щётка тапка тропинка домик убрать строительный материал какашка деревянный тропинка додуматься ночь дача обойтись тысяча отдельный доплата завтрак внимание цена пятизвёздочный отель центр москва ночь завтрак', 'отличный глэмпинг множество вариант размещение выбрать домик дерево удобство кухня терраса отличный вид домик хорошо обустроить оснастить необходимый минимум хороший техника косметика домик гель душа кондиционер какой-то авторский разработка эфирный масло прочий полезность понравиться мятный мыло рука почему-то оно общий рукомойник общий приём пища вечерний посиделки костёр хорошо продумать питание понравиться домашний кухня продукт местный ферма разный настольный игра ребёнок взрослый важный момент глэмпинг dog friendly встретить многий любитель собака общий радость потомец рассматривать повторный посещение', 'добрый день лагер око ночёвка день привести наш компания восторг время мало погода дождливый коллектив занятие маткласс сделать свой дело окунуться природа мир математик ребёнок хотеть продолжать продолжать надеяться минимум неделя путешествие маткласс угодный спасибо профессионализм гибкий подход', 'завершать пребывание какой-нибудь отель стараться сформировать свой комплексный впечатление цель понять стоить сюда возвращаться мнение зелёный тропа сформировать основание несколько фактор номер малюсенький домик который сложно разойтись 2м человек внутренний эргономика совершенно непродуманный гель шампунь душа плохо спускать вода матрас подушка одеяло низкий качество который удобно спать окно дуть обогреватель дребезжать ночью мешать еда приём пища доступно несколько вид блюдо практически несъедобный продукт использоваться некачественный еда возможный ощущение тошнота ощущение съесть ведро щебень также хотеть отметить']"
12,"Мамонт Camp,","['потрясать единение комфорт уют невероятно вкусный еда авторский подача природа возможность проснуться шум река единый посторонний звук вид горный алтай команда организатор потрясти свой идея забота каждый наш просьба самый незначительный остаться внимание ребята запас начинать оборудование треккинг заканчивать ваш любимый вино ребята хороший обязательно вернуться', 'полный восторг программа человек отдых детство кормить заботиться твой комфорт ещё активность продумать идеальный нагрузка ехать отдыхать совершать туристический подвиг лагерь берег река просыпаться шатёр панорамный вид слышать природа каждый секунда запах туман река цвет чувствоваться весь природный самобытность сочетаться ресторанный сервис горячий вода 24/7 подогревать простыня баня кедровый купель однажды костёр видеть лисица ясный небо гарантировать заставить млечный путь хороший опыт знакомство алтай команда mamont camp жаль погрузиться глэмпинг год', 'волшебный продумать мелочь внимание деталь поражать комфортный стильный шатёр душа горячий вода потрясать кухня красивый жаркий баня самый главное команда администрация официант внимательный предать свой дело профессионал обязательно вернуться снова']"
13,"Скала,","['проживать домик вид море ощутить полный идиллия спокойствие понять территория -хотеть удивительно вторник среда март связать хороший отдохнуть суета пожарить мясо провести время семья гулять любоваться море незначительный минуться территория работать ресторан предупреждать бронирование подготовиться всё ...', 'отдыхать парень начало сентябрь самый бюджетный размещение тент лес бюджетный сложно назвать хотеться попробовать новый вид отдых глэмпинг тэнт далеко красивый фотография из-за сырость послать тёмный пятно характерный запах коврик одеяло конец сезон первый свежесть матрас удобный светильник обогреватель работать пляж ужасный покупаться особо получиться пройти минута побережье судно рио симпатичный пляж галька небольшой народ моститься друг друг туалет душа сделать самый дешёвый материал целое чисто вид море город отель правда потрясать территория чистый персонал вежливый казаться', 'часто приезжать кабардинка покупаться море новороссийск появиться модный глемпинг скала несколько год сезон туда приезжать привозить свой гость приехать год пляж ужасный огромный камень вода водоросль отсутствие тень пляж купаться приезжать покушать кафе полюбоваться море попасть территория остановить охранник который грубый форма объяснить приехать кафе туда идти нечего территория ходить превращаться охранник главный начальник плюс глемпинг вид море минус отсутствие бесплатный парковка ужасный пляж ужасный море год ужасный сервис книга отзыв предложение найти поэтому', 'выбрать вариант размещение попробовать формат глэмпинг отдыхать семья начало июнь местоположение глэмпинг великолепный вдали шумный улица перегрузить пляж центральный улица кабардинка наш выбор пасть шатёр-сафари ошибиться шатёр-сафари самый хороший представить шатёр открываться живописный вид море закат обстановка шатёр постельный бельё хорошо минус именно отсутствовать wifi везде кроме ресепшн шатёр давать полотенце неожиданный учитывать ценник аренда элементарный набор посуда столовый прибор наш просьба принести полотенце мочь сказать персонал скала дружелюбный отзывчивый нерасторопный касаться территория', 'спонтанный поездка случайно наслать глемпинг решить попробовать необычный способ размещение – кемпер ранний опыт будущее хотеть приобрести кемпер поэтому своеобразный тест-драйв остаться положительный эмоция двое думать комфорт разместиться человек необходимый условие проживание всё весьма уютный чисто самый главное — вид – прям море запомниться территория больший чистый персонал вежливый заселить быстро всё подробно рассказать целое дать дополнительный информация посёлок минус погода претензия планировать вернуться разгар сезон']"
14,"Халактырский пляж,",['']
15,"Шикша,","['прекрасный отдых душа тело бескрайний водный простор вокруг остров прозрачный глубокий озеро остров влажный богатый ягода гриб лес уесть вдали человек тёплый удобный палатка большой двуспальный кровать больший сытный завтрак вкусный ужин окружить любовь забота александр татьяна', 'шикарный отдых шикарный шалаш третий год ездить слеза хотеться уезжать ребята невероятный молодец гостеприимно палатка-тент деревянный подмостки полметра простыня подогрев лампа центр палатка греть градус душевой туалет дерево нормальноить канализация подогрев евента тент завтрак ужин кинотеатр солярий лес гриб оз ра вообще молчать приезжать пожалеть', 'обалденный потрясать природа чисто дружелюбно вкусно палатка тёплый аккуратный чистый вкусный завтрак ужин обед кафе домашний еда близко мммм булочка черника развлечение потрясать лес озеро сап рыбалка настольный теннис общение костёр вечер группа выступать вечером детей- батут игра беготня ребёнок ездить втроём день 4-летний ребёнок восторг ощущение хороший домашний гостиница единение природа казаться короткий отдых учитывать дорога день самый оно', 'чудесный душевный озеро селигер остров хачин комфортный палатка обогреватель электричество вкусный разнообразный завтрак ужин лодка велосипед свободный пользование']"
16,"База отдыха Салокюля,","['отдыхать чудесный местечко неделя сентябрь 2мя семья маленький ребёнок 1-5ть долго подбирать подходящий вариант прогадать хутор салокюля находиться живописный ладожский шхера наш мужчина заниматься рыбалка брать аренда лодка дразнить потрясать фото видио остров нерпа заснять рыбка кстати поймать арендовать котелок сварить ухо ребёнок понравиться минизоопарк гусь енот кролик курочка приходить прямо домик правда оказаться деревенский аутентичный хуторок банька чан озеро -вообще отельный сказка улица идти дождик ребёнок сидеть тёплый чан наслаждаться окружающий природный красота мужчина наш нырять банька озеро настоящий', 'уютный деревянный домик живописный природа свежий воздух идеальный рыбалка прогулка лодочка понравиться банька вода летний время хотеть посетить зимой', 'хотеть выразить благодарность приятный отдых ваш база стоить возвращаться рекомендовать друг спасибо тишина уют отлично отдохнуть обязательно приехать', 'отличный аутентичный ребёночек понравиться бабушка побывать чисто опрятно видно база прокачка деньга тёплый душевный весь рекомендовать пожалеть', 'понравиться чистенько опрятно первый надеяться последний база новенький несколько год назад енотик подрастить кролик супер любим весь советовать']"
17,"Дальний кордон,","['турбаза находиться недалеко москва примерно км минский шоссе второстепенный дорога слегка убитый грейдер территория общий сложность примерно 10-12 домик снимать шатёр помост глэмпинг ночь каждый свой помост вход река мангал достаточный расстояние чувствовать уединение турбаза дружелюбный питомец заплатить небольшой сумма смочь взять собака река чистый вид вокруг замечательный персонал гостеприимный отзывчивый готовый помочь однозначно рекомендовать', 'провести выходной конец сентябрь база несколько семья отметить семейный праздник тихий спокойный территория уходить детский площадка каждый домик мангал уличный мебель удобно пожарить мясо природа домик тёплый чистенький укомплектовать весь необходимый единственный вода санузел специфический запах рекомендовать питьевой вода чай брать достать первый ночь муха который осень слетаться тепло ночью оставить свет туалет дружный толпа улетать туда конец сезон поэтому некоторый трудность кафе нужно заранее договариваться обговаривать меню спасибо сергей вкусный обед завтрак столь стеснённый обстоятельство', 'увидеть территория база глэмпинг несомненно внимание остаться сразу сказать минус единственный съехать основной трасса около км прийтись потрястись грунтовый дорога разбитый факт огорчить предвкушение отдых глэмпинг глэмпинг полностью мебелировать подвести электричество полноценный спальный холодильник чайник посуда частично умывальник подогрев веранда располагаться стол стул гамак бояться промокнуть замёрзнуть бояться проверить во-первых выполнить безупречно прочный материал испытать гром сильный ветер ливень находиться внутри выдержать во-вторых']"
18,"Айвенго,","['выбрать отдых алтай альтернатива поездка море турция какой-то момент понять хотеть тишина покой никакой эксклюзив заменить единение природа наш шатёр имя номер 2. понравиться находиться уединение далёкий среди гора река год собираться алтай катунь манить приехать друг сразу бронировать шатёр первый линия', 'любитель отель « включить » предсказуемость комфорт отель звезд-вы сюда приключение возможный выход зона комфорт из-за гроза отключить электроенергия кухня работать горячий вода связь скролить лента инстаграмм возможность хотеться близость природа отличный кухня дать цивилизация мастер класс попасть ризотто-это вкусно головокружительный пейзаж посиделки костёр глинтвейн гитара разговор прогулка гора лиса собака который жить айвенго прочь составить компания встретить табун лошадь забежать миноточка подъесть вкусный трава корова огромный качели который дух захватывать пляж песок', 'прожить потрясать день решить повезти наслать случайно дата забронировать отель построить план увидеть палатка берег река долго думать изменить наш план правый лагерь находиться берег река достаточно шумный любить спать тишина взять палатка 2й 3й линия дело отель хороший любой палатка вид просто потрясать хороший территория качели ребёнок кататься песочница игрушка зона мангал деревянный дорожка весь палатка обязательно порадовать множество резвиться суслик видеть территория отель весь отпуск', 'бронировать шатёр линия букинг адекватный наш взгляд цена 5400/сутки территория понравиться шатёр выглядеть здорово деревянный дорожка удобный территория пляж качели костровый зона бесплатный дрова находиться приятно хотеться вернуться сотрудник доброжелательный приветливый время приезд внимание оставить сразу встретить заселить ранний 14. географически глэмпинг удобно расположить живописный район недалеко жуткий чемаленький база кафешка магазин прочий инфраструктура расположить друг друг минус -терраса кафе доработать сделать презентабельный уютный наверное впереди -внутри шатёр хватать стул видеть', 'понравиться глэмпинг удаться забыть офис суета расслабляться вид гора шум катунь уютный минимализм шатёр вкусный еда лёгкий общение спасибо душевность живописность большой желание вернуться']"
19,"Папоротник,","['решить отдохнуть карелия выбрать думать отдохнуть получиться весь наоборот подъезд кемпингу-целый квест ещё бездорожье ещё снег убирать подъезд минус дорога плюс смотреть сказка попадать вид нереальный приехать понимать как-освещение ноль кроме твой фара встретить ребята проводить сказать дом ещё достроить ожидание хороший войти дом понимать ахтунг домик построить сдавать пол дсп окно доделать панорамный стоить кровать что-то подобие камин пахнуть газ подобие стол оставлять желать хороший ванная комната отдельный пост стоить биотуалет умывальник ссср деревня', 'компания 4х человек забронировать домик новогодний праздник протяжение декабрь переписываться руководство псевдоглемпинг спрашивать готовый домик наш прибытие день ещё уточнить сергей управлять контора готовый домик наш прибытие подтвердить готовый мочь приезжать также являться основатель постоянный развод деньга факт приехать увидеть несколько недостроенный дом который явно готовый проживание туалет водопроводный вода вообще никакой домик соответствовать описание фотография который скидывать группа либо преложения возврат деньга сергей сначала брать трубка категорически отказать возврат причём', 'отдать ночь лишний тысяча получить факт ... дать подумать .. букинг слово отсутствие электричество лишь тонкий намёк розетка соответственно холодильник привезти кг шашлык сыр йогурт давать хотеть свет несчастный', 'испанский стыд отдых больший развод сфера туризм пока встречать надеяться встреча сразу сказать привереда заниматься горный туризм останавливаться палатка свет удобство интернет прочее плохой дорога езжу-не страшно рубль ночь цена качество соотвествуют-они диаметрально противоположный накануне останавливаться турбаза идеальный подьезд отличный удобство полноценный кухня чистый комната заплатить показаться дорого знать папоротник-4500 показаться задаром довести ум-и брать деньга спасибо сказать неуютный окно шалаш обветшалый дырка видать вид', 'ставить палатка бог забытый который невозможно добраться легковой автомобиль повредить самый автомобиль экономить электричество палатка администрация значит розетка холодильник горячий вода т.д писать красивый описание сайт который соответствовать действительность называть глэмпинг вуаля глупый турист безысходность лето заграница закрытый российский размещение хватать платить тыс сутки естественно вперёд что-то нравиться хотеть уехать ранний твой проблема деньга никто вернуть претензия твой субъективный мнение который хозяин интересовать по-своему']"
20,"Polyana Glamping,","['потрясать локация идеальный провести время калининград приезжать второй впервые год глэмпинг территория заповедник весь вытекать преимущество живность прекрасный природа море думаться маленький ребёнок комфортно усмотрение родитель удобный кровать шатёр уступать уровень хороший отель цена приятный особенно подмосковный глэмпинг здорово вкусно поесть коса нормальный кафе полный комфорт повезти погода отдых удаться спасибо сотрудник глэмпинг организация прекрасный отдых', 'чудесный лоно природа рядом балтийский море широкий безлюдный пляж писать многие заслуга создатель называть', 'отдыхать жена красивый ночью петь птица романтично необыкновенно первый отдыхать подобный формат писать многие дороговатый согласиться полностью еда который подавать вообще никакой завтрак подавать долго холодное вечером заказать ям рыба суп пресный кислый рыба сухой слово невкусно долго персонал вежливый весь парень усик девушка бар остальной натягивать улыбка видно рада девушка глаз рыба весь поведение показывать достать красивый природа завораживать костёр ночью приятный']"
21,"Кемпинг Лес и Море,","['отдыхать ночь малыш мес собака джек рассесть терьер понравиться весь исключение ребёнок спасть сосновый лес собака набегаться накупаться свобода еда что-то фантастический фирменный каша мятый завтрак наш фаворит развлечение сап борд каяк настолочь разнообразный небольшой библиотека вечерний кинотеатр костёр барбекю маршмелоу всё уютный комфортно эстетично понравиться обязательно приехать ещё', 'провести день волшебный день начало август который сей пора вспоминать огромный теплота любовь поездка катер остров отдельный вид путешествие посмотреть затопить колокольня полюбоваться вид волга палатка супер комфортный выспаться выспаться город каждый палатка стоить биотуалет остров душевой кабина сложно поверить вообще возможно остров ягода гриб сап борд байдарка лук игровой зона прекрасный кухня вечерний костёр кино ребёнок мультик дружелюбный стараться персонал', 'день начало август понравиться первый взгляд вроде просто деталь .. решить вернуться день конец месяц погода повезти практически день лить дождь короткий промежуток погода целое помешать давать особый очарование остров осенний атмосфера дождик убаюкивать спать палатка воздух влажный тепловатый лесной умыть природа гриб сап байдарка прекрасный кухня вечерний костёр дружелюбный стараться персонал понравиться мастер-класс изготовление свеча памятный душевно хотеться возвращаться спасибо перезагрузка', 'тысяча жить палатка окно запах плесень туалет улица общий душа метр палатка слишком туалет свет ходить телефон ночью день номер убирать туалет плюс еда хороший день сап борд каяк- бесплатно игровой комната лук вечером кино дружелюбный атмосфера', 'хотеть поделиться свой впечатление уникальный друг отмечать август свадьба лес море добраться остров сразу понять реальность превысить ожидание хотя подписать инстаграм аккаунт долго lesismorecamp влюбить правда оказываться попадать состояние эйфория верить происходить провести день волшебный день который сей пора вспоминать огромный теплота любовь рада наш страна прекрасный мочь уединиться суета соединиться природа окружение близкий человек хотеть выразить огромный благодарность персонал который помогать провести день ярко']"
22,"Майтри Кэмп на Финском Заливе,","['красивый живописный финский залив великолепный отдых берег понравиться my tree camp платить ночь обойтись рубль ещё стоить бочка час администратор предупреждать остывать быстро замёрзнуть нужно бронировать сауна сауна купель забронировать сауна стоить ещё рубль час делить стоимость вопрос ладный бронировать приезжать надежда великолепный отдых заселение радость предупреждать свет вода интернет работать исправление дать проблема несколько час заработать предлагать ознакомиться правило обобщить получиться следующий « нести', 'понравиться передать природа просто восторг домик купол уютный тёплый тёплый пол прийтись уменьшить стать жарко обстановка ничуть плохой финский коттедж интернет всякий случай общение хватать дорога шоссе гнать нормально кто-то написать оторвать бампер представлять ехать гружёный взрослый собака продукт доехать отлично пежо общий хотеть сказать огромный спасибо обязательно ещё приехать', 'попасть шатровый отель совершенно случайно проезд поиск отдых ночлег пожалеть менее сутки отдых получить заряд положительный эмоция энергия отдыхать неделя вокруг чистый природа лес мох черника брусника гриб рядом 30-50 м пустынный пляж море шатёр дерево подвесить кресло гамак удобный столовая который кормить вкусный завтрак предлагать выбор несколько блюдо чай кофе просто кипяток ограничение', 'отдыхать семья 10-14.08. приехать москва дочка хотеть поехать подобный кемпинг плюс красивый территория черника гриб великолепный финский залив отличный баня купель оценить хороший палатка двуспальный кровать односпальный печка топить обогреватель работать отлично нагревать палатка быстро мангал шезлонг каждый палатка хороший завтрак каша яичница обычная/скрембнуть чай налить попросить отдельный плата приготовить обед обращаться минус маленький холодильник гость явно хватать сотрудница лагерь увидеть наш глубокий расстройство стейк мочь впихнуть предложить положить свой холодильник остальной продукт потащить', 'внимание мелкий деталь устроить мочь писать долго закрытие граница путешествовать примерно трижды месяц наш страна забегать вперёд хотеть сказать следующий отель наш маршрут лес глемпинг дачный отель суровый отечественный люкс резорт покорить белые тент финский залив ностальгия дюна калифорнийский побережье впрямь редкий случай владелец дело круто слово любовь первый взгляд шатёр первый береговой линия душа туалет тент удобство общий гигиенический блок пара шаг ещё общий холодильник зона завтрак кстати']"
23,"Глэмпинг Северный Крым,","['реклама ... ... довестись проезд сутки база провести управлять турбаза карелия ..... минус замоший .... плюс .. -разнести заезд\\выезд час пик любой турбаза час разный домик .. -главный плюс- новый ... домик инвентарь дерево посадить ... -организовать парковка авто гость ... -отдых семья ребёнок ферма', 'последний день пребывание перестать работать кафе причина объяснить завтрак который указать сайт']"
24,"Трувор Глэмпинг Валдай,","['атмосферный уютный душевный уединение стильный домик прямо берег озеро сочетание свежий воздух чистый лес делать отдых незабываемый семья сложиться идеальный выходной отдельно спасибо хозяин чистый дом удобно эстетично вернуться однозначно', 'отмечать свой др понравиться интерьер укомплектованность дом весь необходимый отдельный благодарность администратор алексей который учесть наш пожелание прекрасный вид озеро плюс воздух валдайский']"
25,"Глемпинг Старый Сивух,",['выходной пролететь маленький жизнь насыщенный запомниться надолго комфортабельный глэмп-номер электронный ключ чистота уют аутентичность жизнь гора пересекать последний тенденция туризм обязательно вернуться спасибо сказка']
26,"Долина мечтателей,",['']
27,"Eko-camping SFERA,","['день назад волшебный ощущение побывать настоящий сказка заснеженный лес озеро природа потрясать жить необычный домик геосфера чисто опрятно тепло топить печь дрова сравниться камин квартира брать продукт приготовить мангал оказаться кафе покушать принцип всё необходимый отдых предоставить принадлежность мангал посуда горячий вода термос насладиться чаемый самовар ещё попробовать вечерний прогулка лыжа лес стать настоящий приключение красиво волшебно среди удобство дом биотуалет впервые пользоваться всё доступно объяснить душа горячий вода главный корпус принцип знать', 'спойлер крайне отвратительный ужасный сервис который испортить ваш отдых наслаждение природа заселение экошалаш холодно улица оказываться персонал помнить наш заезд просто забыть включить обогреватель номер итог комфортный температура 20-22 градус прийтись ждать час кстати туалет холодный улица обогреваться либо терпеть либо снимать кальсоны минусовый температура пока греться шалаш купить дрова пожарить шашлык дрова оказаться настолько сырой некоторый полено вода капать хорошо купить средство розжиг помощь который смочь хотя поджечь некоторый менее', 'идея вообще огонь говорить сфера явно увидеть стоить свой деньга приехать достаточно поздно подпортить впечатление парковка таковой машина приходиться кидать вдоль дорога охват камера понятный работать освещение скудный связь ждать плохо осветить дорога администрация большинство информация вытягивать клещ сказать персонал идти навстречу дорожка сфера сделать скорый рука многое касаемо сфера внешний вид намного внутри грязный штора поносить матрас биотуалет пережить видать многое трещина развод стекло вид окно минимальный хотя смотреть некуда выходить просто тропинка который', 'заселение проводить наш геокупол вопрос персонал отвечать неохотно территория рассказать вовсе номер вкратце биотуалет который предыдущий гость убрать сразу сказать номер предназначить отдых ребёнок животное судить первый срок памятка отель лежать номер владелец отель рекомендовать спокойно принимать неудобство который возникать возникать выключатель закрепить розетка болтаться провод наружу вводный электрический автомат номер расположить внизу нога корпус закрываться надёжно проводка весь малый сечение автомат малый ток использование большой количество розетка часть нужный холодильник телевизор например просто', 'эко кемпинг sfera купол плюс красивый природа волейбольный поле песок кошка бесплатный настолочь свой еда греть административка микроволновка минус машина въезд запретить машина прийтись оставить дорога далеко кемпинг заход вода весь тина около пирс плавать сломать лодка предоставлять маленький равно весло цена доп услуга сайт факт различаться уголь готовка платный сырой разжигать уголь минута близкий ночь весь кемпинг выключиться электричество страшно камин хватать час ночью прийтись встать топить дрова мокрый разжигать минута газовый баллон душевой туалет неприятно пахнуть неимоверный вонь идти вода']"
28,"СПА ЛЕС глэмпинг,",['']
29,"Глэмпинг Под Небом,",['']
